{"IcoMoonType":"selection","icons":[{"icon":{"paths":["M0 563.2l102.4-102.4 256 256 563.2-563.2 102.4 102.4-665.6 665.6z"],"attrs":[],"isMulticolor":false,"isMulticolor2":false,"tags":["checkmark"],"grid":20},"attrs":[],"properties":{"id":74,"order":9,"prevSize":20,"name":"checkmark","code":127786},"setIdx":0,"setId":3,"iconIdx":73},{"icon":{"paths":["M397.434 917.696l-397.868-391.6 197.378-194.27 200.49 197.332 429.62-422.852 197.378 194.27-626.998 617.12zM107.912 526.096l289.524 284.962 518.656-510.482-89.036-87.632-429.62 422.852-200.49-197.334-89.034 87.634z"],"tags":["checkmark","tick","correct","accept","ok"],"defaultCode":59921,"grid":16,"attrs":[]},"attrs":[],"properties":{"ligatures":"checkmark2, tick2","name":"checkmark2","order":6,"id":274,"prevSize":32,"code":59921},"setIdx":2,"setId":1,"iconIdx":273}],"height":1024,"metadata":{"name":"icomoon"},"preferences":{"showGlyphs":true,"showQuickUse":true,"showQuickUse2":true,"showSVGs":true,"fontPref":{"prefix":"icon-","metadata":{"fontFamily":"icomoon"},"metrics":{"emSize":1024,"baseline":6.25,"whitespace":50},"embed":false},"imagePref":{"prefix":"icon-","png":true,"useClassSelector":true,"color":0,"bgColor":16777215,"classSelector":".icon","name":"icomoon"},"historySize":50,"showCodes":true,"gridSize":16}}